Listed,Accepted,Other
Acacia terminalis subsp. terminalis MS,Acacia terminalis terminalis,
Pleuropappus phyllocalymmeus,Angianthus phyllocalymmeus,
Austrostipa bronwenae,Austrostipa bronweniae,
Burmannia sp. Bathurst Island (R.Fensham 1021),Burmannia championii,
Paracaleana dixonii,Caleana dixonii,
Chamelaucium sp. Gingin (N.G.Marchant 6),Chamelaucium lullfitzii,
Plectranthus gratus,Coleus gratus,
Plectranthus habrophyllus,Coleus habrophyllus,
Plectranthus leiperi,Coleus leiperi,
Plectranthus nitidus,Coleus nitidus,
Plectranthus omissus,Coleus omissus,
Plectranthus torrenticola,Coleus torrenticola,
Genoplesium plumosum,Corunastylis plumosa,
Genoplesium rhyoliticum,Corunastylis rhyolitica,
Genoplesium tectum,Corunastylis tecta,
Genoplesium vernale,Corunastylis vernalis,
Nematoceras dienemum,Corybas dienemus,
Tropilis callitrophilis,Dendrobium callitrophilum,
Cepobaculum carronii,Dendrobium carronii,
Crepidium lawleri,Dienia lawleri,
Budawangia gnidioides,Epacris gnidioides,
Eremophila sp. Narrow leaves (J.D.Start D12-150),Eremophila subangustifolia,
Phreatia paleata,Eria paleata,
"Eucalyptus sp. Cattai (Gregson s.n., 28 Aug 1954)",Eucalyptus cryptica,
Corunastylis sp. Charmhaven (NSW 896673),Genoplesium branwhiteorum,
Hibbertia sp. Toolbrunup (J.R.Wheeler 2504),Hibbertia barrettiae,
Hypolepis distans,Hiya distans,
Asplenium wildii,Hymenasplenium wildii,
Lasiopetalum sp. Mount Caroline (S.D. Hopper SDH 6381),Lasiopetalum moullean,
Latrobea colophona,Latrobea colophon,
Marsdenia brevifolia,Leichhardtia brevifolia,
Marsdenia longiloba,Leichhardtia longiloba,
Marsdenia paludicola,Leichhardtia paludicola,
Tetraria australiensis,Morelotia australiensis,
Notelaea ipsviciensis,Notelaea x ipsviciensis,
Desmodium acanthocladum,Pedleya acanthoclada,
Phalaenopsis amabilis subsp. rosenstromii,Phalaenopsis rosenstromii,
Phlegmariurus marsupiiformis,Phlegmariurus delbrueckii,
Phreatia limenophylax,Plexaure limenophylax,
Prasophyllum colemaniae,Prasophyllum colemaniarum,
Prasophyllum littorale,Prasophyllum litorale,
Lycopodium volubile,Pseudodiphasium volubile,
Marattia salicina,Ptisana salicina,
Pultenaea sp. Genowlan Point (NSW 417813),Pultenaea praecipua praecipua,
Pityrodia sp. Marble Bar (G.Woodman & D.Coultas GWDC Opp 4),Quoya zonalis,
Spyridium eriocephalum var. glabrisepalum,Spyridium glabrisepalum,
Leucopogon sp. Ongerup (A.S.George 16682),Styphelia disjuncta,
Coleanthera virgata,Styphelia lanata,
Leucopogon sp. Coolmunda (D.Halford Q1635),Styphelia sp. Coolmunda,
Typhonium taylori,Typhonium taylorii,
Tylophora linearis,Vincetoxicum forsteri,
Tylophora rupicola,Vincetoxicum rupicola,
Tylophora woollsii,Vincetoxicum woollsii,
Calyptorhynchus latirostris,Zanda latirostris,
Calyptorhynchus baudinii,Zanda baudinii,
Psophodes nigrogularis lashmari,Psophodes leucogaster lashmari,
Petaurus australis Wet Tropics subspecies,Petaurus australis brevirostrum,
Perameles myosurus,Perameles myosuros,
Perameles bougainville fasciata,Perameles fasciata,
Wollumbinia georgesi,Myuchelys georgesi,
Calamanthus pyrrhopygius parkeri,Hylacola pyrrhopygia parkeri,
Dromaius ater,Dromaius novaehollandiae minor,
Dromaius baudinianus,Dromaius novaehollandiae baudinianus,
Geocrinia vitellina,Anstisia vitellina,
Geocrinia alba,Anstisia alba,
Petaurus australis Wet Tropics subspecies,Petaurus australis brevirostrum,
Pomaderris gilmourii var. cana,Pomaderris gilmourii cana,
Rexea solandri,Rexea solandri (eastern Australian population),
Rhinonicteris aurantia,Rhinonicteris aurantia (Pilbara form),
Tyto novaehollandiae castanops,Tyto novaehollandiae castanops (Tasmanian population),
Vappodes phalaenopsis,Dendrobium bigibbum,
Elymus multiflorus subsp. kingianus,,Anthosachne kingiana subsp. kingiana
Bettongia lesueur Barrow and Boodie Islands subspecies,,Bettongia lesueur
Bettongia penicillata ogilbyi,,Bettongia penicillata
Bosistoa transversa,,Bosistoa selwynii
Breynia macrantha,,Sauropus macranthus
Acacia depressa,,Acacia echinata
Caladenia cremna,,Arachnorchis cremna
Coeranoscincus reticulatus,,Anomalopus reticulatus
Coeranoscincus reticulatus,,Saiphos reticulatus
Grammosolen odgersii subsp. occidentalis,,Cyphanthera odgersii subsp. occidentalis
Grevillea sp. Gillingarra ,,Grevillea gillingarra
Oligosoma lichenigerum,,Oligosoma lichenigera
Perameles bougainville,,Perameles bougainville bougainville
Petrogale lateralis centralis,,Petrogale lateralis MacDonnell Ranges race
Petrogale lateralis kimberleyensis,,Petrogale lateralis West Kimberley race
Pezoporus flaviventris,,Pezoporus wallicus flaviventris
Pityrodia scabra subsp. scabra,,Pityrodia scabra
Pultenaea praecipua subsp. praecipua,,Pultenaea sp. genowlan point (nsw 417813)
Rutidosis leptorhynchoides,,Rutidosis leptorrhynchoides
Sminthopsis fuliginosa aitkeni,,Sminthopsis griseoventer aitkeni
Stylidium coroniforme subsp. coroniforme,,Stylidium coroniforme subsp. coronoiforme
Styphelia disjuncta,,Leucopogon sp. Ongerup
Thalassarche melanophris,,Thalassarche melanophrys
Thinornis cucullatus cucullatus,,Thinornis rubricollis rubricollis
Leucopatus anophthalmus,,Tasmanipatus anophthalmus
